{
 "plot1": {
  "settings": [
   [
    0.05,
    3
   ],
   [
    0.15,
    3
   ],
   [
    0.05,
    1.5
   ],
   [
    0.15,
    1.5
   ]
  ],
  "Ngrid": [
   25,
   50,
   100,
   200,
   400,
   800,
   1600,
   3200,
   6400,
   12800,
   25600,
   51200,
   102400,
   153600
  ],
  "curves": {
   "0.05_3": [
    0.021,
    0.093,
    0.258,
    0.602,
    0.935,
    0.998,
    1.0,
    1.0,
    1.0,
    1.0,
    1.0,
    1.0,
    1.0,
    1.0
   ],
   "0.15_3": [
    0.073,
    0.265,
    0.707,
    0.978,
    1.0,
    1.0,
    1.0,
    1.0,
    1.0,
    1.0,
    1.0,
    1.0,
    1.0,
    1.0
   ],
   "0.05_1.5": [
    0.002,
    0.002,
    0.002,
    0.008,
    0.04,
    0.115,
    0.389,
    0.794,
    0.976,
    0.9966666666666667,
    1.0,
    1.0,
    1.0,
    1.0
   ],
   "0.15_1.5": [
    0.0,
    0.0,
    0.009,
    0.021,
    0.115,
    0.436,
    0.872,
    0.996,
    1.0,
    1.0,
    1.0,
    1.0,
    1.0,
    1.0
   ]
  }
 },
 "plot2": {
  "k_sweep": {
   "k": [
    1.5,
    2,
    3,
    4,
    5
   ],
   "N_emp": [
    2825,
    806,
    240,
    121,
    84
   ],
   "N_bound": [
    41757.57163182431,
    11567.194357846072,
    3499.076293248437,
    1850.7510972553716,
    1221.7849040474912
   ]
  },
  "eps_sweep": {
   "eps": [
    0.02,
    0.05,
    0.1,
    0.15,
    0.2
   ],
   "N_emp": [
    3625,
    1462,
    806,
    581,
    553
   ],
   "N_bound": [
    204938.61046982987,
    37040.65561681457,
    11567.194357846072,
    6616.360023907438,
    4981.574913877069
   ]
  }
 },
 "plot3": {
  "n_experts": [
   2,
   3,
   4,
   5,
   6,
   7,
   8
  ],
  "N": 200,
  "settings": [
   [
    0.1,
    2
   ],
   [
    0.15,
    2
   ],
   [
    0.1,
    3
   ],
   [
    0.15,
    3
   ]
  ],
  "curves": {
   "0.1_2": [
    0.8425,
    0.3855,
    0.2485,
    0.192,
    0.1415,
    0.159,
    0.1775
   ],
   "0.15_2": [
    0.909,
    0.495,
    0.3515,
    0.2935,
    0.258,
    0.2365,
    0.262
   ],
   "0.1_3": [
    0.999,
    0.92,
    0.916,
    0.9185,
    0.8995,
    0.8965,
    0.8965
   ],
   "0.15_3": [
    1.0,
    0.9775,
    0.9725,
    0.979,
    0.976,
    0.976,
    0.9805
   ]
  }
 }
}